0,1
0.jpg,1
1.jpg,1
2.jpg,1
3.jpg,1
4.jpg,1
5.jpg,1
6.jpg,1
7.jpg,1
8.jpg,1
9.jpg,1
10.jpg,1
11.jpg,2
12.jpg,1
13.jpg,1
14.jpg,2
15.jpg,2
16.jpg,1
17.jpg,1
18.jpg,1
19.jpg,2
20.jpg,2
21.jpg,2
22.jpg,2
23.jpg,2
24.jpg,3
25.jpg,3
26.jpg,2
27.jpg,0
28.jpg,3
29.jpg,3
30.jpg,2
31.jpg,2
32.jpg,3
33.jpg,2
34.jpg,3
35.jpg,1
36.jpg,1
37.jpg,9
38.jpg,3
39.jpg,1
40.jpg,3
41.jpg,6
42.jpg,3
43.jpg,3
44.jpg,4
45.jpg,2
46.jpg,3
47.jpg,3
48.jpg,3
49.jpg,3
50.jpg,1
51.jpg,3
52.jpg,4
53.jpg,3
54.jpg,3
55.jpg,3
56.jpg,3
57.jpg,2
58.jpg,1
59.jpg,2
60.jpg,9
61.jpg,1
62.jpg,1
63.jpg,8
64.jpg,3
65.jpg,3
66.jpg,2
67.jpg,2
68.jpg,3
69.jpg,2
70.jpg,3
71.jpg,3
72.jpg,4
73.jpg,6
74.jpg,6
75.jpg,2
76.jpg,6
77.jpg,7
78.jpg,1
79.jpg,4
80.jpg,7
81.jpg,7
82.jpg,1
83.jpg,2
84.jpg,8
85.jpg,7
86.jpg,7
87.jpg,8
88.jpg,6
89.jpg,6
90.jpg,6
91.jpg,7
92.jpg,7
93.jpg,7
94.jpg,7
95.jpg,6
96.jpg,6
97.jpg,7
98.jpg,6
99.jpg,6
100.jpg,6
101.jpg,6
102.jpg,6
103.jpg,6
104.jpg,6
105.jpg,6
106.jpg,7
107.jpg,6
108.jpg,6
109.jpg,1
110.jpg,5
111.jpg,6
112.jpg,1
113.jpg,5
114.jpg,6
115.jpg,1
116.jpg,5
117.jpg,8
118.jpg,2
119.jpg,7
120.jpg,8
121.jpg,2
122.jpg,7
123.jpg,8
124.jpg,1
125.jpg,2
126.jpg,7
127.jpg,1
128.jpg,2
129.jpg,6
130.jpg,6
131.jpg,1
132.jpg,4
133.jpg,5
134.jpg,8
135.jpg,8
136.jpg,5
137.jpg,5
138.jpg,6
139.jpg,6
140.jpg,6
141.jpg,6
142.jpg,6
143.jpg,5
144.jpg,6
145.jpg,5
146.jpg,5
147.jpg,5
148.jpg,5
149.jpg,5
150.jpg,5
151.jpg,5
152.jpg,5
153.jpg,6
154.jpg,5
155.jpg,5
156.jpg,5
157.jpg,5
158.jpg,5
159.jpg,5
160.jpg,5
161.jpg,5
162.jpg,5
163.jpg,5
164.jpg,5
165.jpg,5
166.jpg,5
167.jpg,5
168.jpg,5
169.jpg,9
170.jpg,5
171.jpg,5
172.jpg,5
173.jpg,9
174.jpg,5
175.jpg,5
176.jpg,5
177.jpg,4
178.jpg,5
179.jpg,5
180.jpg,5
181.jpg,4
182.jpg,9
183.jpg,4
184.jpg,5
185.jpg,5
186.jpg,4
187.jpg,5
188.jpg,5
189.jpg,4
190.jpg,5
191.jpg,9
192.jpg,4
193.jpg,5
194.jpg,4
195.jpg,5
196.jpg,5
197.jpg,5
198.jpg,5
199.jpg,4
200.jpg,5
201.jpg,9
202.jpg,5
203.jpg,9
204.jpg,4
205.jpg,9
206.jpg,5
207.jpg,4
208.jpg,4
209.jpg,5
210.jpg,4
211.jpg,4
212.jpg,5
213.jpg,4
214.jpg,5
215.jpg,9
216.jpg,5
217.jpg,9
218.jpg,5
219.jpg,5
220.jpg,5
221.jpg,9
222.jpg,1
223.jpg,5
224.jpg,6
225.jpg,5
226.jpg,5
227.jpg,5
228.jpg,5
229.jpg,5
230.jpg,9
231.jpg,4
232.jpg,5
233.jpg,5
234.jpg,5
235.jpg,4
236.jpg,5
237.jpg,5
238.jpg,5
239.jpg,4
240.jpg,4
241.jpg,4
242.jpg,4
243.jpg,4
244.jpg,4
245.jpg,4
246.jpg,5
247.jpg,9
248.jpg,5
249.jpg,5
250.jpg,5
251.jpg,4
252.jpg,5
253.jpg,5
254.jpg,4
255.jpg,9
256.jpg,4
257.jpg,9
258.jpg,5
259.jpg,4
260.jpg,1
261.jpg,4
262.jpg,0
263.jpg,4
264.jpg,3
265.jpg,4
266.jpg,3
267.jpg,3
268.jpg,4
269.jpg,4
270.jpg,3
271.jpg,9
272.jpg,3
273.jpg,4
274.jpg,4
275.jpg,4
276.jpg,4
277.jpg,3
278.jpg,9
279.jpg,9
280.jpg,4
281.jpg,4
282.jpg,3
283.jpg,4
284.jpg,4
285.jpg,4
286.jpg,3
287.jpg,3
288.jpg,9
289.jpg,4
290.jpg,3
291.jpg,3
292.jpg,3
293.jpg,3
294.jpg,3
295.jpg,3
296.jpg,3
297.jpg,4
298.jpg,3
299.jpg,1
300.jpg,6
301.jpg,9
302.jpg,4
303.jpg,4
304.jpg,3
305.jpg,4
306.jpg,3
307.jpg,4
308.jpg,2
309.jpg,3
310.jpg,4
311.jpg,3
312.jpg,3
313.jpg,3
314.jpg,3
315.jpg,3
316.jpg,4
317.jpg,3
318.jpg,4
319.jpg,2
320.jpg,3
321.jpg,4
322.jpg,3
323.jpg,3
324.jpg,3
325.jpg,3
326.jpg,3
327.jpg,3
328.jpg,3
329.jpg,3
330.jpg,4
331.jpg,3
332.jpg,3
333.jpg,3
334.jpg,3
335.jpg,3
336.jpg,3
337.jpg,3
338.jpg,3
339.jpg,3
340.jpg,3
341.jpg,3
342.jpg,3
343.jpg,3
344.jpg,3
345.jpg,3
346.jpg,3
347.jpg,2
348.jpg,3
349.jpg,3
350.jpg,9
351.jpg,3
352.jpg,3
353.jpg,3
354.jpg,3
355.jpg,3
356.jpg,3
357.jpg,3
358.jpg,3
359.jpg,3
360.jpg,3
361.jpg,3
362.jpg,3
363.jpg,9
364.jpg,3
365.jpg,3
366.jpg,1
367.jpg,6
368.jpg,4
369.jpg,1
370.jpg,6
371.jpg,4
372.jpg,5
373.jpg,3
374.jpg,1
375.jpg,9
376.jpg,8
377.jpg,1
378.jpg,5
379.jpg,6
380.jpg,3
381.jpg,0
382.jpg,3
383.jpg,3
384.jpg,2
385.jpg,3
386.jpg,4
387.jpg,8
388.jpg,4
389.jpg,9
390.jpg,3
391.jpg,4
392.jpg,9
393.jpg,3
394.jpg,1
395.jpg,6
396.jpg,3
397.jpg,1
398.jpg,6
399.jpg,2
400.jpg,1
401.jpg,6
402.jpg,5
403.jpg,3
404.jpg,4
405.jpg,3
406.jpg,1
407.jpg,8
408.jpg,9
409.jpg,1
410.jpg,8
411.jpg,5
412.jpg,1
413.jpg,8
414.jpg,9
415.jpg,8
416.jpg,5
417.jpg,2
418.jpg,2
419.jpg,4
420.jpg,4
421.jpg,2
422.jpg,3
423.jpg,4
424.jpg,4
425.jpg,4
426.jpg,3
427.jpg,4
428.jpg,4
429.jpg,9
430.jpg,1
431.jpg,5
432.jpg,5
433.jpg,1
434.jpg,5
435.jpg,9
436.jpg,1
437.jpg,5
438.jpg,3
439.jpg,4
440.jpg,4
441.jpg,3
442.jpg,9
443.jpg,2
444.jpg,3
445.jpg,2
446.jpg,3
447.jpg,9
448.jpg,3
449.jpg,9
450.jpg,9
451.jpg,3
452.jpg,4
453.jpg,4
454.jpg,3
455.jpg,9
456.jpg,3
457.jpg,9
458.jpg,3
459.jpg,3
460.jpg,9
461.jpg,3
462.jpg,4
463.jpg,3
464.jpg,4
465.jpg,4
466.jpg,9
467.jpg,4
468.jpg,4
469.jpg,3
470.jpg,3
471.jpg,4
472.jpg,3
473.jpg,3
474.jpg,3
475.jpg,3
476.jpg,9
477.jpg,9
478.jpg,3
479.jpg,3
480.jpg,4
481.jpg,3
482.jpg,3
483.jpg,9
484.jpg,4
485.jpg,9
486.jpg,9
487.jpg,4
488.jpg,3
489.jpg,3
490.jpg,4
491.jpg,3
492.jpg,3
493.jpg,3
494.jpg,3
495.jpg,3
496.jpg,4
497.jpg,1
498.jpg,5
499.jpg,3
500.jpg,1
501.jpg,5
502.jpg,9
503.jpg,1
504.jpg,5
505.jpg,5
506.jpg,3
507.jpg,4
508.jpg,6
509.jpg,1
510.jpg,5
511.jpg,6
512.jpg,4
513.jpg,4
514.jpg,2
515.jpg,4
516.jpg,9
517.jpg,4
518.jpg,4
519.jpg,3
520.jpg,3
521.jpg,3
522.jpg,2
523.jpg,4
524.jpg,4
525.jpg,4
526.jpg,4
527.jpg,3
528.jpg,3
529.jpg,3
530.jpg,3
531.jpg,9
532.jpg,4
533.jpg,4
534.jpg,4
535.jpg,1
536.jpg,5
537.jpg,6
538.jpg,9
539.jpg,3